Address,Photograph,AddressPath,Theme,Name,Photo,ImageFile,Colour,Note
Unit 124 Popular St,,Images/GTA Cars/Unit 124/Screenshot (918).png,-,Issi,,Images/GTA Cars/Unit 124/Screenshot (919).png,LIGHT BLUE,-
Unit 124 Popular St,-,Images/GTA Cars/Unit 124/Screenshot (918).png,-,Ingot,,Images/GTA Cars/Unit 124/Screenshot (920).png,GREY,-
Del Perro Hts. Apt 20,,Images/GTA Cars/Del Perro Hts/Screenshot (638).png,Racing,Cheburek,,Images/GTA Cars/Del Perro Hts/Screenshot (628).png,YELLOW,-
Del Perro Hts. Apt 20,-,Images/GTA Cars/Del Perro Hts/Screenshot (638).png,Racing,Futo,,Images/GTA Cars/Del Perro Hts/Screenshot (629).png,BLUE,-
Del Perro Hts. Apt 20,-,Images/GTA Cars/Del Perro Hts/Screenshot (638).png,Racing,Issi Classic,,Images/GTA Cars/Del Perro Hts/Screenshot (630).png,Brittish Racing Green,-
Del Perro Hts. Apt 20,-,Images/GTA Cars/Del Perro Hts/Screenshot (638).png,Racing,Emerus,,Images/GTA Cars/Del Perro Hts/Screenshot (631).png,Navy Blue,Won on Wheel
Del Perro Hts. Apt 20,-,Images/GTA Cars/Del Perro Hts/Screenshot (638).png,Racing,Sanchez (livery),,Images/GTA Cars/Del Perro Hts/Screenshot (632).png,Camo Green,-
Del Perro Hts. Apt 20,-,Images/GTA Cars/Del Perro Hts/Screenshot (638).png,Racing,Sentinel,,Images/GTA Cars/Del Perro Hts/Screenshot (633).png,Black,-
Del Perro Hts. Apt 20,-,Images/GTA Cars/Del Perro Hts/Screenshot (638).png,Racing,Empty,-,-,-,-
Del Perro Hts. Apt 20,-,Images/GTA Cars/Del Perro Hts/Screenshot (638).png,Racing,Empty,-,-,-,-
Del Perro Hts. Apt 20,-,Images/GTA Cars/Del Perro Hts/Screenshot (638).png,Racing,Omnis,,Images/GTA Cars/Del Perro Hts/Screenshot (634).png,Red and Orange,-
Del Perro Hts. Apt 20,-,Images/GTA Cars/Del Perro Hts/Screenshot (638).png,Racing,Bati 801RR,,Images/GTA Cars/Del Perro Hts/Screenshot (635).png,Red and White,-
South Shambles St,-,Images/GTA Cars/South Shambles St/Screenshot (639).png,Bikes,Sanchez,,Images/GTA Cars/South Shambles St/Screenshot (640).png,Black,-
South Shambles St,-,Images/GTA Cars/South Shambles St/Screenshot (639).png,Bikes,Hakuchou Drag,,Images/GTA Cars/South Shambles St/Screenshot (641).png,Silver and Pink,-
South Shambles St,-,Images/GTA Cars/South Shambles St/Screenshot (639).png,Bikes,Zombie Bobber,,Images/GTA Cars/South Shambles St/Screenshot (642).png,Silver,-
South Shambles St,-,Images/GTA Cars/South Shambles St/Screenshot (639).png,Bikes,Bati 801,,Images/GTA Cars/South Shambles St/Screenshot (643).png,Navy Blue,-
South Shambles St,-,Images/GTA Cars/South Shambles St/Screenshot (639).png,Bikes,Sovereign,,Images/GTA Cars/South Shambles St/Screenshot (644).png,Red White & Blue,-
South Shambles St,-,Images/GTA Cars/South Shambles St/Screenshot (639).png,Bikes,Hot Rod Blazer,,Images/GTA Cars/South Shambles St/Screenshot (645).png,Black & Flames,-
South Shambles St,-,Images/GTA Cars/South Shambles St/Screenshot (639).png,Bikes,Hakuchou,,Images/GTA Cars/South Shambles St/Screenshot (646).png,Black,-
South Shambles St,-,Images/GTA Cars/South Shambles St/Screenshot (639).png,Bikes,Nemesis,,Images/GTA Cars/South Shambles St/Screenshot (647).png,black,-
South Shambles St,-,Images/GTA Cars/South Shambles St/Screenshot (639).png,Bikes,Veto Classic,,Images/GTA Cars/South Shambles St/Screenshot (648).png,Orange,-
South Shambles St,-,Images/GTA Cars/South Shambles St/Screenshot (639).png,Bikes,Veto Classic,,Images/GTA Cars/South Shambles St/Screenshot (649).png,Black,-
Exceptionalists Way,-,Images/GTA Cars/Except Way/Screenshot (894).png,-,Youga,,Images/GTA Cars/Except Way/Screenshot (650).png,White,-
Exceptionalists Way,-,Images/GTA Cars/Except Way/Screenshot (894).png,-,Surfer,,Images/GTA Cars/Except Way/Screenshot (651).png,Violet,-
Exceptionalists Way,-,Images/GTA Cars/Except Way/Screenshot (894).png,-,Blista,,Images/GTA Cars/Except Way/Screenshot (652).png,Blue,-
Exceptionalists Way,-,Images/GTA Cars/Except Way/Screenshot (894).png,-,Pigalle,,Images/GTA Cars/Except Way/Screenshot (653).png,Beige,-
Exceptionalists Way,-,Images/GTA Cars/Except Way/Screenshot (894).png,-,Turismo R,,Images/GTA Cars/Except Way/Screenshot (654).png,Black,-
Exceptionalists Way,-,Images/GTA Cars/Except Way/Screenshot (894).png,-,Brioso 300,,Images/GTA Cars/Except Way/Screenshot (655).png,Orange,-
Exceptionalists Way,-,Images/GTA Cars/Except Way/Screenshot (894).png,-,Voltic,,Images/GTA Cars/Except Way/Screenshot (656).png,Lime Green,-
Exceptionalists Way,-,Images/GTA Cars/Except Way/Screenshot (894).png,-,Sentinel XS,,Images/GTA Cars/Except Way/Screenshot (657).png,Violet,-
Exceptionalists Way,-,Images/GTA Cars/Except Way/Screenshot (894).png,-,Ruiner,,Images/GTA Cars/Except Way/Screenshot (658).png,Black & Gold,-
Exceptionalists Way,-,Images/GTA Cars/Except Way/Screenshot (894).png,-,Sentinel ,,Images/GTA Cars/Except Way/Screenshot (659).png,Silver,-
870 Route 68,-,Images/GTA Cars/Route 88/Screenshot (678).png,winter,Mesa,,Images/GTA Cars/Route 88/Screenshot (670).png,Red,-
870 Route 68,-,Images/GTA Cars/Route 88/Screenshot (678).png,winter,Sadler,,Images/GTA Cars/Route 88/Screenshot (671).png,Red,-
870 Route 68,-,Images/GTA Cars/Route 88/Screenshot (678).png,winter,Blista Compact,,Images/GTA Cars/Route 88/Screenshot (672).png,Red,-
870 Route 68,-,Images/GTA Cars/Route 88/Screenshot (678).png,winter,Dubsta,,Images/GTA Cars/Route 88/Screenshot (673).png,Silver,-
870 Route 68,-,Images/GTA Cars/Route 88/Screenshot (678).png,winter,Verus,,Images/GTA Cars/Route 88/Screenshot (675).png,Kahki,-
870 Route 68,-,Images/GTA Cars/Route 88/Screenshot (678).png,winter,Enduro,,Images/GTA Cars/Route 88/Screenshot (676).png,White,-
Great Chaparral Clubhouse,-,Images/GTA Cars/Great Club/Screenshot (679).png,Bikes,Ruffian,,Images/GTA Cars/Great Club/Screenshot (660).png,Red,-
Great Chaparral Clubhouse,-,Images/GTA Cars/Great Club/Screenshot (679).png,Bikes,Cliffhanger,,Images/GTA Cars/Great Club/Screenshot (661).png,Silver,-
Great Chaparral Clubhouse,-,Images/GTA Cars/Great Club/Screenshot (679).png,Bikes,Bagger,,Images/GTA Cars/Great Club/Screenshot (662).png,Matte Green,-
Great Chaparral Clubhouse,-,Images/GTA Cars/Great Club/Screenshot (679).png,Bikes,Daemon,,Images/GTA Cars/Great Club/Screenshot (663).png,Navy Blue,-
Great Chaparral Clubhouse,-,Images/GTA Cars/Great Club/Screenshot (679).png,Bikes,PCJ 600,,Images/GTA Cars/Great Club/Screenshot (664).png,Silver,-
Great Chaparral Clubhouse,-,Images/GTA Cars/Great Club/Screenshot (679).png,Bikes,Shotaro,,Images/GTA Cars/Great Club/Screenshot (665).png,Silver,-
Great Chaparral Clubhouse,-,Images/GTA Cars/Great Club/Screenshot (679).png,Bikes,Blazer Lifeguard,,Images/GTA Cars/Great Club/Screenshot (666).png,Red,-
Great Chaparral Clubhouse,-,Images/GTA Cars/Great Club/Screenshot (679).png,Bikes,Bati 801,,Images/GTA Cars/Great Club/Screenshot (667).png,Navy Blue,-
Great Chaparral Clubhouse,-,Images/GTA Cars/Great Club/Screenshot (679).png,Bikes,Faggio Mod,,Images/GTA Cars/Great Club/Screenshot (668).png,Red & White,-
Great Chaparral Clubhouse,-,Images/GTA Cars/Great Club/Screenshot (679).png,Bikes,Opressor,,Images/GTA Cars/Great Club/Screenshot (669).png,Red & Sliver,-
San Vitas St. Apt 2,-,Images/GTA Cars/San Vitas/Screenshot (682).png,-,Empty,-,-,-,-
San Vitas St. Apt 2,-,Images/GTA Cars/San Vitas/Screenshot (682).png,-,Empty,-,-,-,-
Office Garage 1,-,Images/GTA Cars/Office 1/Screenshot (897).png,American,Saber Turbo,,Images/GTA Cars/Office 1/Screenshot (683).png,Red,-
Office Garage 1,-,Images/GTA Cars/Office 1/Screenshot (897).png,American,Vigero,,Images/GTA Cars/Office 1/Screenshot (684).png,Navy Blue,-
Office Garage 1,-,Images/GTA Cars/Office 1/Screenshot (897).png,American,Tornado,,Images/GTA Cars/Office 1/Screenshot (685).png,Navy Blue,Early Car
Office Garage 1,-,Images/GTA Cars/Office 1/Screenshot (897).png,American,Coquette Classic Topless,,Images/GTA Cars/Office 1/Screenshot (686).png,Silver,-
Office Garage 1,-,Images/GTA Cars/Office 1/Screenshot (897).png,American,Mamba Topless,,Images/GTA Cars/Office 1/Screenshot (687).png,Navy Blue,-
Office Garage 1,-,Images/GTA Cars/Office 1/Screenshot (897).png,American,Coquette Classic,,Images/GTA Cars/Office 1/Screenshot (688).png,Black,-
Office Garage 1,-,Images/GTA Cars/Office 1/Screenshot (897).png,American,Stallion Topless,,Images/GTA Cars/Office 1/Screenshot (689).png,White,-
Office Garage 1,-,Images/GTA Cars/Office 1/Screenshot (897).png,American,Phoenix,,Images/GTA Cars/Office 1/Screenshot (690).png,Red,-
Office Garage 1,-,Images/GTA Cars/Office 1/Screenshot (897).png,American,Dominator,,Images/GTA Cars/Office 1/Screenshot (691).png,Black & Red,-
Office Garage 1,-,Images/GTA Cars/Office 1/Screenshot (897).png,American,Coquette,,Images/GTA Cars/Office 1/Screenshot (692).png,Teal,-
Office Garage 1,-,Images/GTA Cars/Office 1/Screenshot (897).png,American,Nightshade,,Images/GTA Cars/Office 1/Screenshot (693).png,Matte Red,-
Office Garage 1,-,Images/GTA Cars/Office 1/Screenshot (897).png,American,Voodoo,,Images/GTA Cars/Office 1/Screenshot (694).png,Lime & Purple,-
Office Garage 1,-,Images/GTA Cars/Office 1/Screenshot (897).png,American,Weevil,,Images/GTA Cars/Office 1/Screenshot (695).png,Light Blue & White,-
Office Garage 1,-,Images/GTA Cars/Office 1/Screenshot (897).png,American,Emperor,,Images/GTA Cars/Office 1/Screenshot (696).png,Black,-
Office Garage 1,-,Images/GTA Cars/Office 1/Screenshot (897).png,American,Stallion Topless,,Images/GTA Cars/Office 1/Screenshot (697).png,White,-
Office Garage 1,-,Images/GTA Cars/Office 1/Screenshot (897).png,American,Saber Turbo,,Images/GTA Cars/Office 1/Screenshot (698).png,Silver,-
Office Garage 1,-,Images/GTA Cars/Office 1/Screenshot (897).png,American,Saber Turbo,,Images/GTA Cars/Office 1/Screenshot (699).png,yellow,-
Office Garage 1,-,Images/GTA Cars/Office 1/Screenshot (897).png,American,Buccaneer,,Images/GTA Cars/Office 1/Screenshot (700).png,black,-
Office Garage 1,-,Images/GTA Cars/Office 1/Screenshot (897).png,American,Vigero,,Images/GTA Cars/Office 1/Screenshot (701).png,Grey,-
Office Garage 1,-,Images/GTA Cars/Office 1/Screenshot (897).png,American,Banshee,,Images/GTA Cars/Office 1/Screenshot (702).png,Black & Grey,-
Office Garage 2,-,Images/GTA Cars/Office 1/Screenshot (897).png,European,Issi Classic,,Images/GTA Cars/Office 2/Screenshot (703).png,Maroon,Won on Wheel
Office Garage 2,-,Images/GTA Cars/Office 1/Screenshot (897).png,European,Rapid GT Classic,,Images/GTA Cars/Office 2/Screenshot (704).png,Silver,-
Office Garage 2,-,Images/GTA Cars/Office 1/Screenshot (897).png,European,JB 700W,,Images/GTA Cars/Office 2/Screenshot (705).png,Navy Blue,-
Office Garage 2,-,Images/GTA Cars/Office 1/Screenshot (897).png,European,Monroe,,Images/GTA Cars/Office 2/Screenshot (706).png,Navy Blue,-
Office Garage 2,-,Images/GTA Cars/Office 1/Screenshot (897).png,European,GT500,,Images/GTA Cars/Office 2/Screenshot (707).png,Navy Blue,-
Office Garage 2,-,Images/GTA Cars/Office 1/Screenshot (897).png,European,Michelli GT,,Images/GTA Cars/Office 2/Screenshot (708).png,Maroon,5M
Office Garage 2,-,Images/GTA Cars/Office 1/Screenshot (897).png,European,F620,,Images/GTA Cars/Office 2/Screenshot (709).png,Silver,--
Office Garage 2,-,Images/GTA Cars/Office 1/Screenshot (897).png,European,Carbonizzare,,Images/GTA Cars/Office 2/Screenshot (710).png,Red,-
Office Garage 2,-,Images/GTA Cars/Office 1/Screenshot (897).png,European,Felon GT,,Images/GTA Cars/Office 2/Screenshot (711).png,black,-
Office Garage 2,-,Images/GTA Cars/Office 1/Screenshot (897).png,European,Super Diamond,,Images/GTA Cars/Office 2/Screenshot (712).png,Navy Blue,-
Office Garage 2,-,Images/GTA Cars/Office 1/Screenshot (897).png,European,Glendale,,Images/GTA Cars/Office 2/Screenshot (713).png,black,5M
Office Garage 2,-,Images/GTA Cars/Office 1/Screenshot (897).png,European,Roosevelt Valor,,Images/GTA Cars/Office 2/Screenshot (714).png,Navy Blue,-
Office Garage 2,-,Images/GTA Cars/Office 1/Screenshot (897).png,European,Z-Type,,Images/GTA Cars/Office 2/Screenshot (715).png,Navy Blue,Won on Wheel
Office Garage 2,-,Images/GTA Cars/Office 1/Screenshot (897).png,European,Fusilade,,Images/GTA Cars/Office 2/Screenshot (716).png,White,-
Office Garage 2,-,Images/GTA Cars/Office 1/Screenshot (897).png,European,Cheetah Classic,,Images/GTA Cars/Office 2/Screenshot (717).png,Red,-
Office Garage 2,-,Images/GTA Cars/Office 1/Screenshot (897).png,European,Brioso 300,,Images/GTA Cars/Office 2/Screenshot (718).png,White,-
Office Garage 2,-,Images/GTA Cars/Office 1/Screenshot (897).png,European,Felon ,,Images/GTA Cars/Office 2/Screenshot (719).png,Navy Blue,-
Office Garage 2,-,Images/GTA Cars/Office 1/Screenshot (897).png,European,Rapid GT,,Images/GTA Cars/Office 2/Screenshot (720).png,Brittish Racing Green,-
Office Garage 2,-,Images/GTA Cars/Office 1/Screenshot (897).png,European,Comet Retro Custom,,Images/GTA Cars/Office 2/Screenshot (721).png,Pink,-
Office Garage 2,-,Images/GTA Cars/Office 1/Screenshot (897).png,European,Windsor,,Images/GTA Cars/Office 2/Screenshot (722).png,Red & Silver,-
Office Garage 3,-,Images/GTA Cars/Office 1/Screenshot (897).png,Japanese,Remus,,Images/GTA Cars/Office 3/Screenshot (723).png,Navy Blue & Yellow,Raced For
Office Garage 3,-,Images/GTA Cars/Office 1/Screenshot (897).png,Japanese,Calico GTF,,Images/GTA Cars/Office 3/Screenshot (724).png,yellow,Raced For
Office Garage 3,-,Images/GTA Cars/Office 1/Screenshot (897).png,Japanese,Warrener HKR,,Images/GTA Cars/Office 3/Screenshot (725).png,Teal,Raced For
Office Garage 3,-,Images/GTA Cars/Office 1/Screenshot (897).png,Japanese,ZR350,,Images/GTA Cars/Office 3/Screenshot (726).png,Red,Raced For
Office Garage 3,-,Images/GTA Cars/Office 1/Screenshot (897).png,Japanese,Futo GTX,,Images/GTA Cars/Office 3/Screenshot (727).png,Navy Blue,Raced For
Office Garage 3,-,Images/GTA Cars/Office 1/Screenshot (897).png,Japanese,Dominator GTT,,Images/GTA Cars/Office 3/Screenshot (728).png,Navy Blue,-
Office Garage 3,-,Images/GTA Cars/Office 1/Screenshot (897).png,Japanese,Infernus,,Images/GTA Cars/Office 3/Screenshot (729).png,Black,-
Office Garage 3,-,Images/GTA Cars/Office 1/Screenshot (897).png,Japanese,Fusilade,,Images/GTA Cars/Office 3/Screenshot (730).png,black,-
Office Garage 3,-,Images/GTA Cars/Office 1/Screenshot (897).png,Japanese,Rhapsody,,Images/GTA Cars/Office 3/Screenshot (731).png,White,-
Office Garage 3,-,Images/GTA Cars/Office 1/Screenshot (897).png,Japanese,Futo,,Images/GTA Cars/Office 3/Screenshot (732).png,black,-
Office Garage 3,-,Images/GTA Cars/Office 1/Screenshot (897).png,Japanese,Primo,,Images/GTA Cars/Office 3/Screenshot (733).png,black,-
Office Garage 3,-,Images/GTA Cars/Office 1/Screenshot (897).png,Japanese,Warrener,,Images/GTA Cars/Office 3/Screenshot (734).png,Grey,-
Office Garage 3,-,Images/GTA Cars/Office 1/Screenshot (897).png,Japanese,190z,,Images/GTA Cars/Office 3/Screenshot (735).png,Matte Black & Orange,-
Office Garage 3,-,Images/GTA Cars/Office 1/Screenshot (897).png,Japanese,Sultan RS,,Images/GTA Cars/Office 3/Screenshot (736).png,Bright Blue,-
Office Garage 3,-,Images/GTA Cars/Office 1/Screenshot (897).png,Japanese,Elegy Retro Custom,,Images/GTA Cars/Office 3/Screenshot (737).png,Dark Silver,-
Office Garage 3,-,Images/GTA Cars/Office 1/Screenshot (897).png,Japanese,Ruiner,,Images/GTA Cars/Office 3/Screenshot (738).png,Yellow,-
Office Garage 3,-,Images/GTA Cars/Office 1/Screenshot (897).png,Japanese,Futo,,Images/GTA Cars/Office 3/Screenshot (739).png,Yellow,-
Office Garage 3,-,Images/GTA Cars/Office 1/Screenshot (897).png,Japanese,Elegy RH8,,Images/GTA Cars/Office 3/Screenshot (740).png,Navy Blue,-
Office Garage 3,-,Images/GTA Cars/Office 1/Screenshot (897).png,Japanese,Empty,-,-,-,-
Office Garage 3,-,Images/GTA Cars/Office 1/Screenshot (897).png,Japanese,Empty,-,-,-,-
Office Garage 3,-,Images/GTA Cars/Office 1/Screenshot (897).png,Japanese,Empty,-,-,-,-
Nightclub Service Enterance,-,Images/GTA Cars/Nightclub/Screenshot (892).png,-,Jackal,,Images/GTA Cars/Club Service/Screenshot (742).png,White,-
Nightclub Garage B2,-,Images/GTA Cars/Nightclub/Screenshot (892).png,Offroad,Mesa,,Images/GTA Cars/Nightclub/Screenshot (743).png,Silver,-
Nightclub Garage B2,-,Images/GTA Cars/Nightclub/Screenshot (892).png,Offroad,Rancher XL,,Images/GTA Cars/Nightclub/Screenshot (744).png,black,-
Nightclub Garage B2,-,Images/GTA Cars/Nightclub/Screenshot (892).png,Offroad,Gang Burrito,,Images/GTA Cars/Nightclub/Screenshot (745).png,Black & Red Stripe,-
Nightclub Garage B2,-,Images/GTA Cars/Nightclub/Screenshot (892).png,Offroad,Huntley S,,Images/GTA Cars/Nightclub/Screenshot (746).png,black,-
Nightclub Garage B2,-,Images/GTA Cars/Nightclub/Screenshot (892).png,Offroad,Bobcat XL,,Images/GTA Cars/Nightclub/Screenshot (747).png,Red & White,-
Nightclub Garage B2,-,Images/GTA Cars/Nightclub/Screenshot (892).png,Offroad,Rusty Rebel,,Images/GTA Cars/Nightclub/Screenshot (748).png,Blue,-
Nightclub Garage B2,-,Images/GTA Cars/Nightclub/Screenshot (892).png,Offroad,Sandking XL,,Images/GTA Cars/Nightclub/Screenshot (749).png,Red,-
Nightclub Garage B2,-,Images/GTA Cars/Nightclub/Screenshot (892).png,Offroad,Dubsta 6x6,,Images/GTA Cars/Nightclub/Screenshot (750).png,Silver,-
Nightclub Garage B2,-,Images/GTA Cars/Nightclub/Screenshot (892).png,Offroad,Kamacho Topless,,Images/GTA Cars/Nightclub/Screenshot (751).png,Orange,-
Nightclub Garage B2,-,Images/GTA Cars/Nightclub/Screenshot (892).png,Offroad,Caracara 4x4,,Images/GTA Cars/Nightclub/Screenshot (752).png,Silver,Won On Wheel
Nightclub Garage B3,-,Images/GTA Cars/Nightclub/Screenshot (892).png,Offroad,DuneLoader,,Images/GTA Cars/Nightclub/Screenshot (753).png,Dark Green,The Tank
Nightclub Garage B3,-,Images/GTA Cars/Nightclub/Screenshot (892).png,Offroad,Veto Classic,,Images/GTA Cars/Nightclub/Screenshot (754).png,Red,-
Nightclub Garage B3,-,Images/GTA Cars/Nightclub/Screenshot (892).png,Offroad,Injection,,Images/GTA Cars/Nightclub/Screenshot (755).png,Orange,-
Nightclub Garage B3,-,Images/GTA Cars/Nightclub/Screenshot (892).png,Offroad,Empty,-,-,-,-
Nightclub Garage B3,-,Images/GTA Cars/Nightclub/Screenshot (892).png,Offroad,Raptor,,Images/GTA Cars/Nightclub/Screenshot (756).png,Red,-
Nightclub Garage B3,-,Images/GTA Cars/Nightclub/Screenshot (892).png,Offroad,Duneloader,,Images/GTA Cars/Nightclub/Screenshot (757).png,Red,-
Nightclub Garage B3,-,Images/GTA Cars/Nightclub/Screenshot (892).png,Offroad,Dune Buggy,,Images/GTA Cars/Nightclub/Screenshot (758).png,Grey,-
Nightclub Garage B3,-,Images/GTA Cars/Nightclub/Screenshot (892).png,Offroad,Dune Buggy,,Images/GTA Cars/Nightclub/Screenshot (759).png,Kahki,-
Nightclub Garage B3,-,Images/GTA Cars/Nightclub/Screenshot (892).png,Offroad,Bifta,,Images/GTA Cars/Nightclub/Screenshot (760).png,Orange,Won On Wheel
Nightclub Garage B3,-,Images/GTA Cars/Nightclub/Screenshot (892).png,Offroad,Bifta,,Images/GTA Cars/Nightclub/Screenshot (761).png,Silver,-
Nightclub Garage B4,-,Images/GTA Cars/Nightclub/Screenshot (892).png,Offroad,Winky,,Images/GTA Cars/Nightclub/Screenshot (762).png,Dark Green,-
Nightclub Garage B4,-,Images/GTA Cars/Nightclub/Screenshot (892).png,Offroad,Seminole Frontier,,Images/GTA Cars/Nightclub/Screenshot (763).png,Dark Green,-
Nightclub Garage B4,-,Images/GTA Cars/Nightclub/Screenshot (892).png,Offroad,Granger,,Images/GTA Cars/Nightclub/Screenshot (764).png,black,-
Nightclub Garage B4,-,Images/GTA Cars/Nightclub/Screenshot (892).png,Offroad,Duneloader,,Images/GTA Cars/Nightclub/Screenshot (765).png,Dark Green,-
Nightclub Garage B4,-,Images/GTA Cars/Nightclub/Screenshot (892).png,Offroad,Dubsta,,Images/GTA Cars/Nightclub/Screenshot (766).png,Dark Green,-
Nightclub Garage B4,-,Images/GTA Cars/Nightclub/Screenshot (892).png,Offroad,Rampo Custom,,Images/GTA Cars/Nightclub/Screenshot (767).png,black,-
Nightclub Garage B4,-,Images/GTA Cars/Nightclub/Screenshot (892).png,Offroad,Kamacho,,Images/GTA Cars/Nightclub/Screenshot (768).png,Matte Green,-
Nightclub Garage B4,-,Images/GTA Cars/Nightclub/Screenshot (892).png,Offroad,Mesa,,Images/GTA Cars/Nightclub/Screenshot (769).png,Matte Black,-
Nightclub Garage B4,-,Images/GTA Cars/Nightclub/Screenshot (892).png,Offroad,Mesa,,Images/GTA Cars/Nightclub/Screenshot (770).png,Matte Kakhi,-
Arena Workshop,-,Images/GTA Cars/Arena/Screenshot (900).png,Specialized,Empty,-,-,-,-
Arena Workshop,-,Images/GTA Cars/Arena/Screenshot (900).png,Specialized,Dune FAV,,Images/GTA Cars/Arena/Screenshot (771).png,Matte Green,-
Arena Workshop,-,Images/GTA Cars/Arena/Screenshot (900).png,Specialized,Kuruma (Armored),,Images/GTA Cars/Arena/Screenshot (772).png,Matte Black,-
Arena Workshop,-,Images/GTA Cars/Arena/Screenshot (900).png,Specialized,JB 700,,Images/GTA Cars/Arena/Screenshot (773).png,Silver,Movie Porp
Arena Workshop,-,Images/GTA Cars/Arena/Screenshot (900).png,Specialized,Deluxo,,Images/GTA Cars/Arena/Screenshot (774).png,Red,-
Arena Workshop,-,Images/GTA Cars/Arena/Screenshot (900).png,Specialized,Half-track,,Images/GTA Cars/Arena/Screenshot (775).png,Matte Green,-
Arena Workshop,-,Images/GTA Cars/Arena/Screenshot (900).png,Specialized,JB 700W,,Images/GTA Cars/Arena/Screenshot (776).png,Aqua,
Arena Workshop,-,Images/GTA Cars/Arena/Screenshot (900).png,Specialized,Ardent,,Images/GTA Cars/Arena/Screenshot (777).png,Teal,-
Arena Workshop,-,Images/GTA Cars/Arena/Screenshot (900).png,Specialized,Empty,-,-,-,-
Arena Workshop,-,Images/GTA Cars/Arena/Screenshot (900).png,Specialized,Empty,-,-,-,-
433 Davis Ave,-,Images/GTA Cars/Davis Ave/Screenshot (888).png,-,Empty,-,-,-,-
434 Davis Ave,-,Images/GTA Cars/Davis Ave/Screenshot (888).png,-,Empty,-,-,-,-
435 Davis Ave,-,Images/GTA Cars/Davis Ave/Screenshot (888).png,-,Empty,-,-,-,-
436 Davis Ave,-,Images/GTA Cars/Davis Ave/Screenshot (888).png,-,Empty,-,-,-,-
437 Davis Ave,-,Images/GTA Cars/Davis Ave/Screenshot (888).png,-,Empty,-,-,-,-
438 Davis Ave,-,Images/GTA Cars/Davis Ave/Screenshot (888).png,-,Empty,-,-,-,-
Greenwich Parkway,-,Images/GTA Cars/Greenwich/Screenshot (788).png,Los Santos Gangs,Tornado,,Images/GTA Cars/Greenwich/Screenshot (778).png,Purple,-
Greenwich Parkway,-,Images/GTA Cars/Greenwich/Screenshot (788).png,Los Santos Gangs,Tornado,,Images/GTA Cars/Greenwich/Screenshot (779).png,Green,-
Greenwich Parkway,-,Images/GTA Cars/Greenwich/Screenshot (788).png,Los Santos Gangs,Tornado,,Images/GTA Cars/Greenwich/Screenshot (780).png,Yellow,-
Greenwich Parkway,-,Images/GTA Cars/Greenwich/Screenshot (788).png,Los Santos Gangs,Peyote,,Images/GTA Cars/Greenwich/Screenshot (781).png,Yellow,-
Greenwich Parkway,-,Images/GTA Cars/Greenwich/Screenshot (788).png,Los Santos Gangs,Peyote,-,Images/GTA Cars/Greenwich/Screenshot (782).png,Maroon,-
Greenwich Parkway,-,Images/GTA Cars/Greenwich/Screenshot (788).png,Los Santos Gangs,Buccaneer,-,Images/GTA Cars/Greenwich/Screenshot (783).png,Yellow,-
Greenwich Parkway,-,Images/GTA Cars/Greenwich/Screenshot (788).png,Los Santos Gangs,Kuruma (Armored),-,Images/GTA Cars/Greenwich/Screenshot (784).png,White,-
Greenwich Parkway,-,Images/GTA Cars/Greenwich/Screenshot (788).png,Los Santos Gangs,Kuruma (Armored),-,Images/GTA Cars/Greenwich/Screenshot (785).png,Blue,-
Greenwich Parkway,-,Images/GTA Cars/Greenwich/Screenshot (788).png,Los Santos Gangs,Buccaneer,-,Images/GTA Cars/Greenwich/Screenshot (786).png,Yellow,-
Greenwich Parkway,-,Images/GTA Cars/Greenwich/Screenshot (788).png,Los Santos Gangs,Tornado,-,Images/GTA Cars/Greenwich/Screenshot (787).png,Blue & White,Mariachi Car
Auto Shop Storage,-,Images/GTA Cars/Autoshop/Screenshot (901).png,Customs,Savestra,-,Images/GTA Cars/Autoshop/Screenshot (789).png,Red,-
Auto Shop Storage,-,Images/GTA Cars/Autoshop/Screenshot (901).png,Customs,Tornado Custom,-,Images/GTA Cars/Autoshop/Screenshot (790).png,Red,-
Auto Shop Storage,-,Images/GTA Cars/Autoshop/Screenshot (901).png,Customs,Sabre Turbo Custom,-,Images/GTA Cars/Autoshop/Screenshot (791).png,Green,-
Auto Shop Storage,-,Images/GTA Cars/Autoshop/Screenshot (901).png,Customs,Rumpo,-,Images/GTA Cars/Autoshop/Screenshot (792).png,Red,News Van
Auto Shop Storage,-,Images/GTA Cars/Autoshop/Screenshot (901).png,Customs,Elegy Retro Custom,-,Images/GTA Cars/Autoshop/Screenshot (793).png,Yellow,-
Auto Shop Storage,-,Images/GTA Cars/Autoshop/Screenshot (901).png,Customs,Slamvan Custom,-,Images/GTA Cars/Autoshop/Screenshot (794).png,White,-
Auto Shop Storage,-,Images/GTA Cars/Autoshop/Screenshot (901).png,Customs,Empty,-,,-,-
Terrorbyte,-,Images/GTA Cars/Terrorbyte/Screenshot (910).png,-,Oppressor Mk II,-,Images/GTA Cars/Terrorbyte/Screenshot (911).png,Dark Blue,-
Kosatka,-,Images/GTA Cars/Kosatka/Screenshot (917).png,Amphibian,Stromberg,-,Images/GTA Cars/Kosatka/Screenshot (918).png,Navy Blue,-
Kosatka,-,Images/GTA Cars/Kosatka/Screenshot (917).png,Amphibian,Empty,-,-,-,-