Address,Photograph,AddressPath,Theme,Name,Photo,ImageFile,Colour,Note,cId
Unit 124 Popular St,,Unit-124/Screenshot (918).png,-,Issi,,Unit-124/Screenshot (919).png,LIGHT BLUE,-,1
Unit 124 Popular St,-,Unit-124/Screenshot (918).png,-,Ingot,,Unit-124/Screenshot (920).png,GREY,-,2
Del Perro Hts. Apt 20,,Del-Perro-Hts/Screenshot (638).png,Racing,Cheburek,,Del-Perro-Hts/Screenshot (628).png,YELLOW,-,3
Del Perro Hts. Apt 20,-,Del-Perro-Hts/Screenshot (638).png,Racing,Futo,,Del-Perro-Hts/Screenshot (629).png,BLUE,-,4
Del Perro Hts. Apt 20,-,Del-Perro-Hts/Screenshot (638).png,Racing,Issi Classic,,Del-Perro-Hts/Screenshot (630).png,Brittish Racing Green,-,5
Del Perro Hts. Apt 20,-,Del-Perro-Hts/Screenshot (638).png,Racing,Emerus,,Del-Perro-Hts/Screenshot (631).png,Navy Blue,Won on Wheel,6
Del Perro Hts. Apt 20,-,Del-Perro-Hts/Screenshot (638).png,Racing,Sanchez (livery),,Del-Perro-Hts/Screenshot (632).png,Camo Green,-,7
Del Perro Hts. Apt 20,-,Del-Perro-Hts/Screenshot (638).png,,Sentinel,,Del-Perro-Hts/Screenshot (633).png,Black,-,8
Del Perro Hts. Apt 20,-,Del-Perro-Hts/Screenshot (638).png,,Empty,-,Empty/open.png,-,-,9
Del Perro Hts. Apt 20,-,Del-Perro-Hts/Screenshot (638).png,-,Empty,-,Empty/open.png,-,-,10
Del Perro Hts. Apt 20,-,Del-Perro-Hts/Screenshot (638).png,Racing,Omnis,,Del-Perro-Hts/Screenshot (634).png,Red and Orange,-,11
Del Perro Hts. Apt 20,-,Del-Perro-Hts/Screenshot (638).png,Racing,Bati 801RR,,Del-Perro-Hts/Screenshot (635).png,Red and White,-,12
South Shambles St,,South-Shambles-St/Screenshot (639).png,Bikes,Sanchez,,South-Shambles-St/Screenshot (640).png,Black,-,13
South Shambles St,-,South-Shambles-St/Screenshot (639).png,Bikes,Hakuchou Drag,,South-Shambles-St/Screenshot (641).png,Silver and Pink,-,14
South Shambles St,-,South-Shambles-St/Screenshot (639).png,Bikes,Zombie Bobber,,South-Shambles-St/Screenshot (642).png,Silver,-,15
South Shambles St,-,South-Shambles-St/Screenshot (639).png,Bikes,Bati 801,,South-Shambles-St/Screenshot (643).png,Navy Blue,-,16
South Shambles St,-,South-Shambles-St/Screenshot (639).png,Bikes,Sovereign,,South-Shambles-St/Screenshot (644).png,Red White & Blue,-,17
South Shambles St,-,South-Shambles-St/Screenshot (639).png,Bikes,Hot Rod Blazer,,South-Shambles-St/Screenshot (645).png,Black & Flames,-,18
South Shambles St,-,South-Shambles-St/Screenshot (639).png,Bikes,Hakuchou,,South-Shambles-St/Screenshot (646).png,Black,-,19
South Shambles St,-,South-Shambles-St/Screenshot (639).png,Bikes,Nemesis,,South-Shambles-St/Screenshot (647).png,black,-,20
South Shambles St,-,South-Shambles-St/Screenshot (639).png,Bikes,Veto Classic,,South-Shambles-St/Screenshot (648).png,Orange,-,21
South Shambles St,-,South-Shambles-St/Screenshot (639).png,Bikes,Veto Classic,,South-Shambles-St/Screenshot (649).png,Black,-,22
Exceptionalists Way,-,Except-Way/Screenshot (894).png,-,Youga,,Except-Way/Screenshot (650).png,White,-,23
Exceptionalists Way,-,Except-Way/Screenshot (894).png,-,Surfer,,Except-Way/Screenshot (651).png,Violet,-,24
Exceptionalists Way,-,Except-Way/Screenshot (894).png,-,Blista,,Except-Way/Screenshot (652).png,Blue,-,25
Exceptionalists Way,-,Except-Way/Screenshot (894).png,-,Pigalle,,Except-Way/Screenshot (653).png,Beige,-,26
Exceptionalists Way,-,Except-Way/Screenshot (894).png,-,Turismo R,,Except-Way/Screenshot (654).png,Black,-,27
Exceptionalists Way,-,Except-Way/Screenshot (894).png,-,Brioso 300,,Except-Way/Screenshot (655).png,Orange,-,28
Exceptionalists Way,-,Except-Way/Screenshot (894).png,-,Voltic,,Except-Way/Screenshot (656).png,Lime Green,-,29
Exceptionalists Way,-,Except-Way/Screenshot (894).png,-,Sentinel XS,,Except-Way/Screenshot (657).png,Violet,-,30
Exceptionalists Way,-,Except-Way/Screenshot (894).png,-,Ruiner,,Except-Way/Screenshot (658).png,Black & Gold,-,31
Exceptionalists Way,-,Except-Way/Screenshot (894).png,-,Sentinel ,,Except-Way/Screenshot (659).png,Silver,-,32
870 Route 68,,Route-88/Screenshot (678).png,winter,Mesa,,Route-88/Screenshot (670).png,Red,-,33
870 Route 68,-,Route-88/Screenshot (678).png,winter,Sadler,,Route-88/Screenshot (671).png,Red,-,34
870 Route 68,-,Route-88/Screenshot (678).png,winter,Blista Compact,,Route-88/Screenshot (672).png,Red,-,35
870 Route 68,-,Route-88/Screenshot (678).png,winter,Dubsta,,Route-88/Screenshot (673).png,Silver,-,36
870 Route 68,-,Route-88/Screenshot (678).png,winter,Verus,,Route-88/Screenshot (675).png,Kahki,-,37
870 Route 68,-,Route-88/Screenshot (678).png,winter,Enduro,,Route-88/Screenshot (676).png,White,-,38
Great Chaparral Clubhouse,,Great-Club/Screenshot (679).png,Bikes,Ruffian,,Great-Club/Screenshot (660).png,Red,-,39
Great Chaparral Clubhouse,-,Great-Club/Screenshot (679).png,Bikes,Cliffhanger,,Great-Club/Screenshot (661).png,Silver,-,40
Great Chaparral Clubhouse,-,Great-Club/Screenshot (679).png,Bikes,Bagger,,Great-Club/Screenshot (662).png,Matte Green,-,41
Great Chaparral Clubhouse,-,Great-Club/Screenshot (679).png,Bikes,Daemon,,Great-Club/Screenshot (663).png,Navy Blue,-,42
Great Chaparral Clubhouse,-,Great-Club/Screenshot (679).png,Bikes,PCJ 600,,Great-Club/Screenshot (664).png,Silver,-,43
Great Chaparral Clubhouse,-,Great-Club/Screenshot (679).png,Bikes,Shotaro,,Great-Club/Screenshot (665).png,Silver,-,44
Great Chaparral Clubhouse,-,Great-Club/Screenshot (679).png,Bikes,Blazer Lifeguard,,Great-Club/Screenshot (666).png,Red,-,45
Great Chaparral Clubhouse,-,Great-Club/Screenshot (679).png,Bikes,Bati 801,,Great-Club/Screenshot (667).png,Navy Blue,-,46
Great Chaparral Clubhouse,-,Great-Club/Screenshot (679).png,Bikes,Faggio Mod,,Great-Club/Screenshot (668).png,Red & White,-,47
Great Chaparral Clubhouse,-,Great-Club/Screenshot (679).png,Bikes,Opressor,,Great-Club/Screenshot (669).png,Red & Sliver,-,48
San Vitas St. Apt 2,,San-Vitas/Screenshot (682).png,-,Empty,-,Empty/open.png,-,-,49
San Vitas St. Apt 2,-,San-Vitas/Screenshot (682).png,-,Empty,-,Empty/open.png,-,-,50
Office Garage 1,-,Office-1/Screenshot (897).png,American,Saber Turbo,,Office-1/Screenshot (683).png,Red,-,51
Office Garage 1,-,Office-1/Screenshot (897).png,American,Vigero,,Office-1/Screenshot (684).png,Navy Blue,-,52
Office Garage 1,-,Office-1/Screenshot (897).png,American,Tornado,,Office-1/Screenshot (685).png,Navy Blue,Early Car,53
Office Garage 1,-,Office-1/Screenshot (897).png,American,Coquette Classic Topless,,Office-1/Screenshot (686).png,Silver,-,54
Office Garage 1,-,Office-1/Screenshot (897).png,American,Mamba Topless,,Office-1/Screenshot (687).png,Navy Blue,-,55
Office Garage 1,-,Office-1/Screenshot (897).png,American,Coquette Classic,,Office-1/Screenshot (688).png,Black,-,56
Office Garage 1,-,Office-1/Screenshot (897).png,American,Stallion Topless,,Office-1/Screenshot (689).png,White,-,57
Office Garage 1,-,Office-1/Screenshot (897).png,American,Phoenix,,Office-1/Screenshot (690).png,Red,-,58
Office Garage 1,-,Office-1/Screenshot (897).png,American,Dominator,,Office-1/Screenshot (691).png,Black & Red,-,59
Office Garage 1,-,Office-1/Screenshot (897).png,American,Coquette,,Office-1/Screenshot (692).png,Teal,-,60
Office Garage 1,-,Office-1/Screenshot (897).png,American,Nightshade,,Office-1/Screenshot (693).png,Matte Red,-,61
Office Garage 1,-,Office-1/Screenshot (897).png,American,Voodoo,,Office-1/Screenshot (694).png,Lime & Purple,-,62
Office Garage 1,-,Office-1/Screenshot (897).png,American,Weevil,,Office-1/Screenshot (695).png,Light Blue & White,-,63
Office Garage 1,-,Office-1/Screenshot (897).png,American,Emperor,,Office-1/Screenshot (696).png,Black,-,64
Office Garage 1,-,Office-1/Screenshot (897).png,American,Stallion Topless,,Office-1/Screenshot (697).png,White,-,65
Office Garage 1,-,Office-1/Screenshot (897).png,American,Saber Turbo,,Office-1/Screenshot (698).png,Silver,-,66
Office Garage 1,-,Office-1/Screenshot (897).png,American,Saber Turbo,,Office-1/Screenshot (699).png,yellow,-,67
Office Garage 1,-,Office-1/Screenshot (897).png,American,Buccaneer,,Office-1/Screenshot (700).png,black,-,68
Office Garage 1,-,Office-1/Screenshot (897).png,American,Vigero,,Office-1/Screenshot (701).png,Grey,-,69
Office Garage 1,-,Office-1/Screenshot (897).png,American,Banshee,,Office-1/Screenshot (702).png,Black & Grey,-,70
Office Garage 2,-,Office-1/Screenshot (897).png,European,Issi Classic,,Office-2/Screenshot (1).png,Maroon,Won on Wheel,71
Office Garage 2,-,Office-1/Screenshot (897).png,European,Rapid GT Classic,,Office-2/Screenshot (2).png,Silver,-,72
Office Garage 2,-,Office-1/Screenshot (897).png,European,JB 700W,,Office-2/Screenshot (3).png,Navy Blue,-,73
Office Garage 2,-,Office-1/Screenshot (897).png,European,Monroe,,Office-2/Screenshot (4).png,Navy Blue,-,74
Office Garage 2,-,Office-1/Screenshot (897).png,European,GT500,,Office-2/Screenshot (5).png,Navy Blue,-,75
Office Garage 2,-,Office-1/Screenshot (897).png,European,Michelli GT,,Office-2/Screenshot (6).png,Maroon,5M,76
Office Garage 2,-,Office-1/Screenshot (897).png,European,F620,,Office-2/Screenshot (7).png,Silver,--,77
Office Garage 2,-,Office-1/Screenshot (897).png,European,Carbonizzare,,Office-2/Screenshot (8).png,Red,-,78
Office Garage 2,-,Office-1/Screenshot (897).png,European,Felon GT,,Office-2/Screenshot (9).png,black,-,79
Office Garage 2,-,Office-1/Screenshot (897).png,European,Super Diamond,,Office-2/Screenshot (10).png,Navy Blue,-,80
Office Garage 2,-,Office-1/Screenshot (897).png,European,Glendale,,Office-2/Screenshot (11).png,black,5M,81
Office Garage 2,-,Office-1/Screenshot (897).png,European,Roosevelt Valor,,Office-2/Screenshot (12).png,Navy Blue,-,82
Office Garage 2,-,Office-1/Screenshot (897).png,European,Z-Type,,Office-2/Screenshot (13).png,Navy Blue,Won on Wheel,83
Office Garage 2,-,Office-1/Screenshot (897).png,European,Fusilade,,Office-2/Screenshot (14).png,White,-,84
Office Garage 2,-,Office-1/Screenshot (897).png,European,Cheetah Classic,,Office-2/Screenshot (15).png,Red,-,85
Office Garage 2,-,Office-1/Screenshot (897).png,European,Brioso 300,,Office-2/Screenshot (16).png,White,-,86
Office Garage 2,-,Office-1/Screenshot (897).png,European,Felon ,,Office-2/Screenshot (17).png,Navy Blue,-,87
Office Garage 2,-,Office-1/Screenshot (897).png,European,Rapid GT,,Office-2/Screenshot (18).png,Brittish Racing Green,-,88
Office Garage 2,-,Office-1/Screenshot (897).png,European,Comet Retro Custom,,Office-2/Screenshot (19).png,Pink,-,89
Office Garage 2,-,Office-1/Screenshot (897).png,European,Windsor,,Office-2/Screenshot (20).png,Red & Silver,-,90
Office Garage 3,-,Office-1/Screenshot (897).png,Japanese,Remus,,Office-3/Screenshot (723).png,Navy Blue & Yellow,Raced For,91
Office Garage 3,-,Office-1/Screenshot (897).png,Japanese,Calico GTF,,Office-3/Screenshot (724).png,yellow,Raced For,92
Office Garage 3,-,Office-1/Screenshot (897).png,Japanese,Warrener HKR,,Office-3/Screenshot (725).png,Teal,Raced For,93
Office Garage 3,-,Office-1/Screenshot (897).png,Japanese,ZR350,,Office-3/Screenshot (726).png,Red,Raced For,94
Office Garage 3,-,Office-1/Screenshot (897).png,Japanese,Futo GTX,,Office-3/Screenshot (727).png,Navy Blue,Raced For,95
Office Garage 3,-,Office-1/Screenshot (897).png,Japanese,Dominator GTT,,Office-3/Screenshot (728).png,Navy Blue,-,96
Office Garage 3,-,Office-1/Screenshot (897).png,Japanese,Infernus,,Office-3/Screenshot (729).png,Black,-,97
Office Garage 3,-,Office-1/Screenshot (897).png,Japanese,Fusilade,,Office-3/Screenshot (730).png,black,-,98
Office Garage 3,-,Office-1/Screenshot (897).png,Japanese,Rhapsody,,Office-3/Screenshot (731).png,White,-,99
Office Garage 3,-,Office-1/Screenshot (897).png,Japanese,Futo,,Office-3/Screenshot (732).png,black,-,100
Office Garage 3,-,Office-1/Screenshot (897).png,Japanese,Primo,,Office-3/Screenshot (733).png,black,-,101
Office Garage 3,-,Office-1/Screenshot (897).png,Japanese,Warrener,,Office-3/Screenshot (734).png,Grey,-,102
Office Garage 3,-,Office-1/Screenshot (897).png,Japanese,190z,,Office-3/Screenshot (735).png,Matte Black & Orange,-,103
Office Garage 3,-,Office-1/Screenshot (897).png,Japanese,Sultan RS,,Office-3/Screenshot (736).png,Bright Blue,-,104
Office Garage 3,-,Office-1/Screenshot (897).png,Japanese,Elegy Retro Custom,,Office-3/Screenshot (737).png,Dark Silver,-,105
Office Garage 3,-,Office-1/Screenshot (897).png,Japanese,Ruiner,,Office-3/Screenshot (738).png,Yellow,-,106
Office Garage 3,-,Office-1/Screenshot (897).png,Japanese,Futo,,Office-3/Screenshot (739).png,Yellow,-,107
Office Garage 3,-,Office-1/Screenshot (897).png,Japanese,Elegy RH8,,Office-3/Screenshot (740).png,Navy Blue,-,108
Office Garage 3,-,Office-1/Screenshot (897).png,-,Empty,-,Empty/open.png,-,-,109
Office Garage 3,-,Office-1/Screenshot (897).png,-,Empty,-,Empty/open.png,-,-,110
Office Garage 3,-,Office-1/Screenshot (897).png,-,Empty,-,Empty/open.png,-,-,111
Nightclub Service Enterance,-,Nightclub/Screenshot (0).png,-,Jackal,,Club-Service/Screenshot (1).png,White,-,112
Nightclub Garage B1,-,Nightclub/Screenshot (0).png,Offroad,Mesa,,Nightclub/Screenshot (1).png,Silver,-,113
Nightclub Garage B1,-,Nightclub/Screenshot (0).png,Offroad,Rancher XL,,Nightclub/Screenshot (2).png,black,-,114
Nightclub Garage B1,-,Nightclub/Screenshot (0).png,Offroad,Gang Burrito,,Nightclub/Screenshot (3).png,Black & Red Stripe,-,115
Nightclub Garage B1,-,Nightclub/Screenshot (0).png,Offroad,Huntley S,,Nightclub/Screenshot (4).png,black,-,116
Nightclub Garage B1,-,Nightclub/Screenshot (0).png,Offroad,Bobcat XL,,Nightclub/Screenshot (5).png,Red & White,-,117
Nightclub Garage B1,-,Nightclub/Screenshot (0).png,Offroad,Rusty Rebel,,Nightclub/Screenshot (6).png,Blue,-,118
Nightclub Garage B1,-,Nightclub/Screenshot (0).png,Offroad,Sandking XL,,Nightclub/Screenshot (7).png,Red,-,119
Nightclub Garage B1,-,Nightclub/Screenshot (0).png,Offroad,Dubsta 6x6,,Nightclub/Screenshot (8).png,Silver,-,120
Nightclub Garage B1,-,Nightclub/Screenshot (0).png,Offroad,Kamacho Topless,,Nightclub/Screenshot (9).png,Orange,-,121
Nightclub Garage B1,-,Nightclub/Screenshot (0).png,Offroad,Caracara 4x4,,Nightclub/Screenshot (10).png,Silver,Won On Wheel,122
Nightclub Garage B2,-,Nightclub/Screenshot (0).png,Offroad,DuneLoader,,Nightclub/Screenshot (11).png,Dark Green,The Tank,123
Nightclub Garage B2,-,Nightclub/Screenshot (0).png,Offroad,Veto Classic,,Nightclub/Screenshot (12).png,Red,-,124
Nightclub Garage B2,-,Nightclub/Screenshot (0).png,Offroad,Injection,,Nightclub/Screenshot (13).png,Orange,-,125
Nightclub Garage B2,-,Nightclub/Screenshot (0).png,-,Empty,-,Empty/open.png,-,-,126
Nightclub Garage B2,-,Nightclub/Screenshot (0).png,Offroad,Raptor,,Nightclub/Screenshot (14).png,Red,-,127
Nightclub Garage B2,-,Nightclub/Screenshot (0).png,Offroad,Duneloader,,Nightclub/Screenshot (15).png,Red,-,128
Nightclub Garage B2,-,Nightclub/Screenshot (0).png,Offroad,Dune Buggy,,Nightclub/Screenshot (16).png,Grey,-,129
Nightclub Garage B2,-,Nightclub/Screenshot (0).png,Offroad,Dune Buggy,,Nightclub/Screenshot (17).png,Kahki,-,130
Nightclub Garage B2,-,Nightclub/Screenshot (0).png,Offroad,Bifta,,Nightclub/Screenshot (18).png,Orange,Won On Wheel,131
Nightclub Garage B2,-,Nightclub/Screenshot (0).png,Offroad,Bifta,,Nightclub/Screenshot (19).png,Silver,-,132
Nightclub Garage B3,-,Nightclub/Screenshot (0).png,Offroad,Winky,,"Nightclub/Screenshot (20).png
",Dark Green,-,133
Nightclub Garage B3,-,Nightclub/Screenshot (0).png,Offroad,Seminole Frontier,,Nightclub/Screenshot (21).png,Dark Green,-,134
Nightclub Garage B3,-,Nightclub/Screenshot (0).png,Offroad,Granger,,Nightclub/Screenshot (22).png,black,-,135
Nightclub Garage B3,-,Nightclub/Screenshot (0).png,Offroad,Duneloader,,Nightclub/Screenshot (23).png,Dark Green,-,136
Nightclub Garage B3,-,Nightclub/Screenshot (0).png,Offroad,Dubsta,,Nightclub/Screenshot (24).png,Dark Green,-,137
Nightclub Garage B3,-,Nightclub/Screenshot (0).png,Offroad,Rampo Custom,,Nightclub/Screenshot (25).png,black,-,138
Nightclub Garage B3,-,Nightclub/Screenshot (0).png,Offroad,Kamacho,,Nightclub/Screenshot (26).png,Matte Green,-,139
Nightclub Garage B3,-,Nightclub/Screenshot (0).png,Offroad,Mesa,,Nightclub/Screenshot (27).png,Matte Black,-,140
Nightclub Garage B3,-,Nightclub/Screenshot (0).png,Offroad,Mesa,,Nightclub/Screenshot (28).png,Matte Kakhi,-,141
Nightclub Garage B4,,Nightclub/Screenshot (0).png,Delivery,Pounder Custom,,Nightclub/Screenshot (30).png,Navy Blue,,142
Nightclub Garage B4,,Nightclub/Screenshot (0).png,Delivery,Speedo Custom,,Nightclub/Screenshot (31).png,White,,143
Nightclub Terrorbyte,,Nightclub/Screenshot (0).png,Service,Terrorbyte,,Nightclub/Screenshot (32).png,Silver,,144
Arena Workshop,-,Arena/Screenshot (900).png,-,Empty,-,Empty/open.png,-,-,145
Arena Workshop,-,Arena/Screenshot (900).png,Specialized,Dune FAV,,Arena/Screenshot (771).png,Matte Green,-,146
Arena Workshop,-,Arena/Screenshot (900).png,Specialized,Kuruma (Armored),,Arena/Screenshot (772).png,Matte Black,-,147
Arena Workshop,-,Arena/Screenshot (900).png,Specialized,JB 700,,Arena/Screenshot (773).png,Silver,Movie Porp,148
Arena Workshop,-,Arena/Screenshot (900).png,Specialized,Deluxo,,Arena/Screenshot (774).png,Red,-,149
Arena Workshop,-,Arena/Screenshot (900).png,Specialized,Half-track,,Arena/Screenshot (775).png,Matte Green,-,150
Arena Workshop,-,Arena/Screenshot (900).png,Specialized,JB 700W,,Arena/Screenshot (776).png,Aqua,,151
Arena Workshop,-,Arena/Screenshot (900).png,Specialized,Ardent,,Arena/Screenshot (777).png,Teal,-,152
Arena Workshop,-,Arena/Screenshot (900).png,-,Empty,-,Empty/open.png,-,-,153
,-,Arena/Screenshot (900).png,-,Empty,-,Empty/open.png,-,-,154
433 Davis Ave,-,Davis-Ave/Screenshot (888).png,-,Empty,-,Empty/open.png,-,-,155
434 Davis Ave,-,Davis-Ave/Screenshot (888).png,-,Empty,-,Empty/open.png,-,-,156
435 Davis Ave,-,Davis-Ave/Screenshot (888).png,-,Empty,-,Empty/open.png,-,-,157
436 Davis Ave,-,Davis-Ave/Screenshot (888).png,-,Empty,-,Empty/open.png,-,-,158
437 Davis Ave,-,Davis-Ave/Screenshot (888).png,-,Empty,-,Empty/open.png,-,-,159
438 Davis Ave,-,Davis-Ave/Screenshot (888).png,-,Empty,-,Empty/open.png,-,-,160
Greenwich Parkway,,Greenwich/Screenshot (788).png,Los Santos Gangs,Tornado,,Greenwich/Screenshot (778).png,Purple,-,161
Greenwich Parkway,-,Greenwich/Screenshot (788).png,Los Santos Gangs,Tornado,,Greenwich/Screenshot (779).png,Green,-,162
Greenwich Parkway,-,Greenwich/Screenshot (788).png,Los Santos Gangs,Tornado,,Greenwich/Screenshot (780).png,Yellow,-,163
Greenwich Parkway,-,Greenwich/Screenshot (788).png,Los Santos Gangs,Peyote,,Greenwich/Screenshot (781).png,Yellow,-,164
Greenwich Parkway,-,Greenwich/Screenshot (788).png,Los Santos Gangs,Peyote,,Greenwich/Screenshot (782).png,Maroon,-,165
Greenwich Parkway,-,Greenwich/Screenshot (788).png,Los Santos Gangs,Buccaneer,,Greenwich/Screenshot (783).png,Yellow,-,166
Greenwich Parkway,-,Greenwich/Screenshot (788).png,Los Santos Gangs,Kuruma (Armored),,Greenwich/Screenshot (784).png,White,-,167
Greenwich Parkway,-,Greenwich/Screenshot (788).png,Los Santos Gangs,Kuruma (Armored),,Greenwich/Screenshot (785).png,Blue,-,168
Greenwich Parkway,-,Greenwich/Screenshot (788).png,Los Santos Gangs,Buccaneer,,Greenwich/Screenshot (786).png,Yellow,-,169
Greenwich Parkway,-,Greenwich/Screenshot (788).png,Los Santos Gangs,Tornado,,Greenwich/Screenshot (787).png,Blue & White,Mariachi Car,170
Auto Shop Storage,-,Autoshop/Screenshot (901).png,,Savestra,,Autoshop/Screenshot (789).png,Red,-,171
Auto Shop Storage,-,Autoshop/Screenshot (901).png,Customs,Tornado Custom,,Autoshop/Screenshot (790).png,Red,-,172
Auto Shop Storage,-,Autoshop/Screenshot (901).png,Customs,Sabre Turbo Custom,,Autoshop/Screenshot (791).png,Green,-,173
Auto Shop Storage,-,Autoshop/Screenshot (901).png,,Rumpo,,Autoshop/Screenshot (792).png,Red,News Van,174
Auto Shop Storage,-,Autoshop/Screenshot (901).png,Customs,Elegy Retro Custom,,Autoshop/Screenshot (793).png,Yellow,-,175
Auto Shop Storage,-,Autoshop/Screenshot (901).png,Customs,Slamvan Custom,,Autoshop/Screenshot (794).png,White,-,176
Auto Shop Storage,-,Autoshop/Screenshot (901).png,-,Empty,-,Empty/open.png,-,-,177
Terrorbyte,-,Terrorbyte/Screenshot (910).png,-,Oppressor Mk II,-,Terrorbyte/Screenshot (911).png,Dark Blue,-,178
,,Kosatka/Screenshot (0).png,Aircraft,Sparrow,,Kosatka/Screenshot (1).png,Silver,,179
Kosatka,-,Kosatka/Screenshot (0).png,Amphibian,Stromberg,-,Kosatka/Screenshot (2).png,Navy Blue,-,180
Kosatka,-,Kosatka/Screenshot (0).png,Amphibian,Empty,-,Empty/open.png,-,-,181
Bunker,,Bunker/Screenshot (0).png,Service,M.O.C,,Bunker/Screenshot (1).png,Black,,182
Pegasus Weaponized,-,Pegasus/Screenshot (0).png,,Turreted Limo,-,Pegasus/Screenshot (1).png,-,-,183
Pegasus Military,,Pegasus/Screenshot (0).png,,Crusader,,Pegasus/Screenshot (2).png,,,184
Pegasus Helecopter,,Pegasus/Screenshot (0).png,,Frogger,,Pegasus/Screenshot (3).png,,,185
Pegasus Helecopter,,Pegasus/Screenshot (0).png,,Buzzard Attack Chopper,,Pegasus/Screenshot (4).png,,,186
Pegasus Helecopter,,Pegasus/Screenshot (0).png,,Annihilator,,Pegasus/Screenshot (5).png,,,187
Pegasus Plane,,Pegasus/Screenshot (0).png,,Duster,,Pegasus/Screenshot (6).png,,,188
Pegasus Plane,,Pegasus/Screenshot (0).png,,Velum,,Pegasus/Screenshot (7).png,,,189
Pegasus Plane,,Pegasus/Screenshot (0).png,,Vestra,,Pegasus/Screenshot (8).png,,,190
Pegasus Plane,,Pegasus/Screenshot (0).png,,dodo,,Pegasus/Screenshot (9).png,,,191
Pegasus Plane,,Pegasus/Screenshot (0).png,,Hydra,,Pegasus/Screenshot (10).png,,,192
Pegasus Plane,,Pegasus/Screenshot (0).png,,Nimbus,,Pegasus/Screenshot (11).png,,,193
Pegasus Boat,,Pegasus/Screenshot (0).png,,Marquis,,Pegasus/Screenshot (12).png,,,194
Pegasus Boat,,Pegasus/Screenshot (0).png,,Seashark,,Pegasus/Screenshot (13).png,,,195
Pegasus Boat,,Pegasus/Screenshot (0).png,,Suntap,,Pegasus/Screenshot (14).png,,,196
Pegasus Boat,,Pegasus/Screenshot (0).png,,Speeder,,Pegasus/Screenshot (15).png,,,197
Pegasus Boat,,Pegasus/Screenshot (0).png,,Dinghy,,Pegasus/Screenshot (16).png,,,198
Pegasus Monster Truck,,Pegasus/Screenshot (0).png,,Liberator,,Pegasus/Screenshot (17).png,,,199
Pegasus Truck,,Pegasus/Screenshot (0).png,,Mule,,Pegasus/Screenshot (18).png,,,200
Pegasus Transport,,Pegasus/Screenshot (0).png,,Stretch,,Pegasus/Screenshot (19).png,,,201
Pegasus Submarine,,Pegasus/Screenshot (0).png,,Kraken,,Pegasus/Screenshot (20).png,,,202
Pegasus Blimp,,Pegasus/Screenshot (0).png,,Blimp Chepalle,,Pegasus/Screenshot (21).png,,,203
Pegasus Special,,Pegasus/Screenshot (0).png,,Taxi,,Pegasus/Screenshot (22).png,,,204
Hanger,,Hanger/Screenshot (0).png,,Alpha-Z1,,Hanger/Screenshot (1).png,Black,,205
Hanger,,Hanger/Screenshot (0).png,,Buzzard Attack Chopper,,Hanger/Screenshot (2).png,Yellow,,206
Hanger,,Hanger/Screenshot (0).png,,Cuban,,Hanger/Screenshot (3).png,Black & White,,207
Hanger,,Hanger/Screenshot (0).png,,Duster,,Hanger/Screenshot (4).png,Red,,208
Hanger,,Hanger/Screenshot (0).png,Stunt,Duster,,Hanger/Screenshot (5).png,Chrome & Red,,209
Hanger,,Hanger/Screenshot (0).png,,Dodo,,Hanger/Screenshot (6).png,Silver & Yellow,,210
Hanger,,Hanger/Screenshot (0).png,,Frogger,,Hanger/Screenshot (7).png,Yellow,,211
Hanger,,Hanger/Screenshot (0).png,,Hydra,,Hanger/Screenshot (8).png,Matte Kakhi,,212
Hanger,,Hanger/Screenshot (0).png,,Hydra,,Hanger/Screenshot (9).png,Matte Green,,213
Hanger,,Hanger/Screenshot (0).png,,Mogul,,Hanger/Screenshot (10).png,Silver,,214
Hanger,,Hanger/Screenshot (0).png,,Nimbus,,Hanger/Screenshot (11).png,Silver & Red,,215
Hanger,,Hanger/Screenshot (0).png,,Sea Sparrow,,Hanger/Screenshot (12).png,Silver,,216
Hanger,,Hanger/Screenshot (0).png,,Sea Breeze,,Hanger/Screenshot (13).png,White & Yellow,,217
Hanger,,Hanger/Screenshot (0).png,,Tula,,Hanger/Screenshot (14).png,Silver & Yellow,,218
Hanger,,Hanger/Screenshot (0).png,Upgraded,Ultralight,,Hanger/Screenshot (15).png,Red,,219
Hanger,,Hanger/Screenshot (0).png,,Ultralight,,Hanger/Screenshot (16).png,Green,,220
Hanger,,Hanger/Screenshot (0).png,,Ultralight,,Hanger/Screenshot (17).png,Pink,,221
Hanger,,Hanger/Screenshot (0).png,,Ultralight,,Hanger/Screenshot (18).png,Blue,,222
Hanger,,Hanger/Screenshot (0).png,,Velum,,Hanger/Screenshot (19).png,Silver & Red,,223
Warehouse,,Warehouse/Screenshot (0).png,,Blazer Aqua,,Warehouse/Screenshot (1).png,Red,,224
Yacht,,Yacht/Screenshot (0).png,,Swift Deluxe,,Yacht/Screenshot (1).png,White & Blue,,225
Yacht,,Yacht/Screenshot (0).png,,Speeder,,Yacht/Screenshot (2).png,Blue & White,,226
Yacht,,Yacht/Screenshot (0).png,,SeaShark,,Yacht/Screenshot (3).png,Blue & White,,227
Yacht,,Yacht/Screenshot (0).png,,SeaShark,,Yacht/Screenshot (3).png,Blue & White,,228
Yacht,,Yacht/Screenshot (0).png,,Dinghy,,Yacht/Screenshot (4).png,Blue & White,,229